Data Source,World Development Indicators,,,,,,,,,,,,,,,,,,,,,,,,,,,,,,,,,,,,,,,,,,,,,,,,,,,,,,,,,,
Last Updated Date,2/17/2016,,,,,,,,,,,,,,,,,,,,,,,,,,,,,,,,,,,,,,,,,,,,,,,,,,,,,,,,,,
,,,,,,,,,,,,,,,,,,,,,,,,,,,,,,,,,,,,,,,,,,,,,,,,,,,,,,,,,,,
Country Name,Country Code,Indicator Name,Indicator Code,1960,1961,1962,1963,1964,1965,1966,1967,1968,1969,1970,1971,1972,1973,1974,1975,1976,1977,1978,1979,1980,1981,1982,1983,1984,1985,1986,1987,1988,1989,1990,1991,1992,1993,1994,1995,1996,1997,1998,1999,2000,2001,2002,2003,2004,2005,2006,2007,2008,2009,2010,2011,2012,2013,2014,2015
Aruba,ABW,"PM2.5 air pollution, mean annual exposure (micrograms per cubic meter)",EN.ATM.PM25.MC.M3,,,,,,,,,,,,,,,,,,,,,,,,,,,,,,,,,,,,,,,,,,,,,,,,,,,,,,,,
Andorra,AND,"PM2.5 air pollution, mean annual exposure (micrograms per cubic meter)",EN.ATM.PM25.MC.M3,,,,,,,,,,,,,,,,,,,,,,,,,,,,,,,12.91353646,,,,,12.18640104,,,,,11.47662308,,,,,14.36526427,,,,,10.0049664,9.838709709,,9.514477357,,
Afghanistan,AFG,"PM2.5 air pollution, mean annual exposure (micrograms per cubic meter)",EN.ATM.PM25.MC.M3,,,,,,,,,,,,,,,,,,,,,,,,,,,,,,,20.48722126,,,,,19.75174244,,,,,19.75767784,,,,,20.52368801,,,,,21.35821523,21.42929007,,21.69849243,,
Angola,AGO,"PM2.5 air pollution, mean annual exposure (micrograms per cubic meter)",EN.ATM.PM25.MC.M3,,,,,,,,,,,,,,,,,,,,,,,,,,,,,,,11.94478176,,,,,11.92909593,,,,,12.1959189,,,,,12.52008871,,,,,13.35408565,13.55728835,,14.02398221,,
Albania,ALB,"PM2.5 air pollution, mean annual exposure (micrograms per cubic meter)",EN.ATM.PM25.MC.M3,,,,,,,,,,,,,,,,,,,,,,,,,,,,,,,24.20070184,,,,,21.26973553,,,,,19.28857149,,,,,17.96302581,,,,,18.60557745,17.59240763,,15.94767589,,
Arab World,ARB,"PM2.5 air pollution, mean annual exposure (micrograms per cubic meter)",EN.ATM.PM25.MC.M3,,,,,,,,,,,,,,,,,,,,,,,,,,,,,,,29.20962717,,,,,29.46353953,,,,,29.72051323,,,,,29.95726466,,,,,30.38258326,30.51291567,,30.88826736,,
United Arab Emirates,ARE,"PM2.5 air pollution, mean annual exposure (micrograms per cubic meter)",EN.ATM.PM25.MC.M3,,,,,,,,,,,,,,,,,,,,,,,,,,,,,,,35.68293574,,,,,35.70411569,,,,,35.93441865,,,,,37.88966714,,,,,40.90851717,40.91114328,,40.94920128,,
Argentina,ARG,"PM2.5 air pollution, mean annual exposure (micrograms per cubic meter)",EN.ATM.PM25.MC.M3,,,,,,,,,,,,,,,,,,,,,,,,,,,,,,,8.641182844,,,,,9.068716903,,,,,9.070144502,,,,,9.350381223,,,,,9.521001263,9.314163078,,8.96038392,,
Armenia,ARM,"PM2.5 air pollution, mean annual exposure (micrograms per cubic meter)",EN.ATM.PM25.MC.M3,,,,,,,,,,,,,,,,,,,,,,,,,,,,,,,20.52225579,,,,,18.22632382,,,,,17.83663447,,,,,19.23763736,,,,,21.22748314,19.91108399,,17.75092824,,
American Samoa,ASM,"PM2.5 air pollution, mean annual exposure (micrograms per cubic meter)",EN.ATM.PM25.MC.M3,,,,,,,,,,,,,,,,,,,,,,,,,,,,,,,,,,,,,,,,,,,,,,,,,,,,,,,,
Antigua and Barbuda,ATG,"PM2.5 air pollution, mean annual exposure (micrograms per cubic meter)",EN.ATM.PM25.MC.M3,,,,,,,,,,,,,,,,,,,,,,,,,,,,,,,13.62727966,,,,,13.60345618,,,,,13.5711882,,,,,13.45216703,,,,,13.73239786,14.37368994,,15.76043317,,
Australia,AUS,"PM2.5 air pollution, mean annual exposure (micrograms per cubic meter)",EN.ATM.PM25.MC.M3,,,,,,,,,,,,,,,,,,,,,,,,,,,,,,,7.677154632,,,,,8.106196191,,,,,8.150404468,,,,,7.60266027,,,,,6.746306588,6.451738865,,5.929150741,,
Austria,AUT,"PM2.5 air pollution, mean annual exposure (micrograms per cubic meter)",EN.ATM.PM25.MC.M3,,,,,,,,,,,,,,,,,,,,,,,,,,,,,,,25.7827913,,,,,20.38907191,,,,,16.68840757,,,,,16.43674224,,,,,15.37205063,15.02223566,,14.84837318,,
Azerbaijan,AZE,"PM2.5 air pollution, mean annual exposure (micrograms per cubic meter)",EN.ATM.PM25.MC.M3,,,,,,,,,,,,,,,,,,,,,,,,,,,,,,,26.42409003,,,,,23.25788782,,,,,21.83608421,,,,,20.64664073,,,,,21.51138312,21.24049383,,20.79508892,,
Burundi,BDI,"PM2.5 air pollution, mean annual exposure (micrograms per cubic meter)",EN.ATM.PM25.MC.M3,,,,,,,,,,,,,,,,,,,,,,,,,,,,,,,14.6927486,,,,,14.52250542,,,,,14.44808777,,,,,14.87128911,,,,,15.48377403,15.96755443,,17.09954416,,
Belgium,BEL,"PM2.5 air pollution, mean annual exposure (micrograms per cubic meter)",EN.ATM.PM25.MC.M3,,,,,,,,,,,,,,,,,,,,,,,,,,,,,,,28.61792015,,,,,24.48151482,,,,,21.15242079,,,,,20.54641116,,,,,19.06894252,18.8622955,,18.52928119,,
Benin,BEN,"PM2.5 air pollution, mean annual exposure (micrograms per cubic meter)",EN.ATM.PM25.MC.M3,,,,,,,,,,,,,,,,,,,,,,,,,,,,,,,26.23384446,,,,,26.04084438,,,,,25.84937573,,,,,25.79079719,,,,,23.52575066,24.41475688,,26.71080435,,
Burkina Faso,BFA,"PM2.5 air pollution, mean annual exposure (micrograms per cubic meter)",EN.ATM.PM25.MC.M3,,,,,,,,,,,,,,,,,,,,,,,,,,,,,,,29.25779374,,,,,29.21560003,,,,,29.17370085,,,,,30.2890148,,,,,28.41739801,28.67100565,,29.22882993,,
Bangladesh,BGD,"PM2.5 air pollution, mean annual exposure (micrograms per cubic meter)",EN.ATM.PM25.MC.M3,,,,,,,,,,,,,,,,,,,,,,,,,,,,,,,29.91856644,,,,,32.19700371,,,,,34.66514875,,,,,40.18314695,,,,,45.60012228,46.49543464,,48.36186362,,
Bulgaria,BGR,"PM2.5 air pollution, mean annual exposure (micrograms per cubic meter)",EN.ATM.PM25.MC.M3,,,,,,,,,,,,,,,,,,,,,,,,,,,,,,,28.25173561,,,,,23.26803494,,,,,19.77345826,,,,,19.11082024,,,,,17.23787746,16.76910906,,15.93315473,,
Bahrain,BHR,"PM2.5 air pollution, mean annual exposure (micrograms per cubic meter)",EN.ATM.PM25.MC.M3,,,,,,,,,,,,,,,,,,,,,,,,,,,,,,,39.53743088,,,,,39.42377735,,,,,39.61761277,,,,,42.9539885,,,,,47.85632869,46.38034216,,43.62614517,,
"Bahamas, The",BHS,"PM2.5 air pollution, mean annual exposure (micrograms per cubic meter)",EN.ATM.PM25.MC.M3,,,,,,,,,,,,,,,,,,,,,,,,,,,,,,,13.33152037,,,,,13.0186765,,,,,12.90237994,,,,,11.78172971,,,,,10.96850841,10.95082354,,10.92229147,,
Bosnia and Herzegovina,BIH,"PM2.5 air pollution, mean annual exposure (micrograms per cubic meter)",EN.ATM.PM25.MC.M3,,,,,,,,,,,,,,,,,,,,,,,,,,,,,,,21.59368149,,,,,18.21403467,,,,,16.01563766,,,,,15.78335925,,,,,14.47360909,14.11575229,,13.62792658,,
Belarus,BLR,"PM2.5 air pollution, mean annual exposure (micrograms per cubic meter)",EN.ATM.PM25.MC.M3,,,,,,,,,,,,,,,,,,,,,,,,,,,,,,,25.22967869,,,,,18.93616303,,,,,15.24757607,,,,,14.90426849,,,,,13.80374483,13.70626302,,13.60368185,,
Belize,BLZ,"PM2.5 air pollution, mean annual exposure (micrograms per cubic meter)",EN.ATM.PM25.MC.M3,,,,,,,,,,,,,,,,,,,,,,,,,,,,,,,8.009331646,,,,,7.985980455,,,,,8.039046354,,,,,7.206761392,,,,,6.717539318,6.333180009,,5.706192078,,
Bermuda,BMU,"PM2.5 air pollution, mean annual exposure (micrograms per cubic meter)",EN.ATM.PM25.MC.M3,,,,,,,,,,,,,,,,,,,,,,,,,,,,,,,,,,,,,,,,,,,,,,,,,,,,,,,,
Bolivia,BOL,"PM2.5 air pollution, mean annual exposure (micrograms per cubic meter)",EN.ATM.PM25.MC.M3,,,,,,,,,,,,,,,,,,,,,,,,,,,,,,,5.321866636,,,,,5.296753643,,,,,5.515859103,,,,,7.892109439,,,,,8.885411399,9.429282439,,10.886475,,
Brazil,BRA,"PM2.5 air pollution, mean annual exposure (micrograms per cubic meter)",EN.ATM.PM25.MC.M3,,,,,,,,,,,,,,,,,,,,,,,,,,,,,,,9.682786923,,,,,8.858878748,,,,,9.111976118,,,,,11.19789378,,,,,14.23546399,14.93553778,,16.49886407,,
Barbados,BRB,"PM2.5 air pollution, mean annual exposure (micrograms per cubic meter)",EN.ATM.PM25.MC.M3,,,,,,,,,,,,,,,,,,,,,,,,,,,,,,,15.72115896,,,,,15.76763473,,,,,15.78622088,,,,,15.94864265,,,,,16.1343857,16.12512531,,16.10662042,,
Brunei Darussalam,BRN,"PM2.5 air pollution, mean annual exposure (micrograms per cubic meter)",EN.ATM.PM25.MC.M3,,,,,,,,,,,,,,,,,,,,,,,,,,,,,,,7.906932089,,,,,7.175471012,,,,,6.658473119,,,,,9.011064982,,,,,9.219250468,9.133493606,,9.465408812,,
Bhutan,BTN,"PM2.5 air pollution, mean annual exposure (micrograms per cubic meter)",EN.ATM.PM25.MC.M3,,,,,,,,,,,,,,,,,,,,,,,,,,,,,,,17.86876779,,,,,18.59597922,,,,,19.4501317,,,,,22.08440897,,,,,27.91374735,27.24409354,,28.11845033,,
Botswana,BWA,"PM2.5 air pollution, mean annual exposure (micrograms per cubic meter)",EN.ATM.PM25.MC.M3,,,,,,,,,,,,,,,,,,,,,,,,,,,,,,,7.990808868,,,,,7.796907612,,,,,7.829941936,,,,,7.739112904,,,,,8.385254915,8.793290023,,9.699032765,,
Central African Republic,CAF,"PM2.5 air pollution, mean annual exposure (micrograms per cubic meter)",EN.ATM.PM25.MC.M3,,,,,,,,,,,,,,,,,,,,,,,,,,,,,,,19.82364384,,,,,19.68651162,,,,,19.58185007,,,,,19.74556806,,,,,18.45067191,18.6888425,,19.33297671,,
Canada,CAN,"PM2.5 air pollution, mean annual exposure (micrograms per cubic meter)",EN.ATM.PM25.MC.M3,,,,,,,,,,,,,,,,,,,,,,,,,,,,,,,11.48164571,,,,,10.77464828,,,,,10.69600087,,,,,11.75202444,,,,,11.86908535,11.93017507,,12.13732486,,
Central Europe and the Baltics,CEB,"PM2.5 air pollution, mean annual exposure (micrograms per cubic meter)",EN.ATM.PM25.MC.M3,,,,,,,,,,,,,,,,,,,,,,,,,,,,,,,30.1388664,,,,,23.49635118,,,,,19.06214132,,,,,18.59120034,,,,,17.28201681,16.85954731,,16.18078086,,
Switzerland,CHE,"PM2.5 air pollution, mean annual exposure (micrograms per cubic meter)",EN.ATM.PM25.MC.M3,,,,,,,,,,,,,,,,,,,,,,,,,,,,,,,22.92405177,,,,,19.50608034,,,,,16.85677072,,,,,18.27163405,,,,,15.91241895,16.30884818,,17.5988063,,
Channel Islands,CHI,"PM2.5 air pollution, mean annual exposure (micrograms per cubic meter)",EN.ATM.PM25.MC.M3,,,,,,,,,,,,,,,,,,,,,,,,,,,,,,,,,,,,,,,,,,,,,,,,,,,,,,,,
Chile,CHL,"PM2.5 air pollution, mean annual exposure (micrograms per cubic meter)",EN.ATM.PM25.MC.M3,,,,,,,,,,,,,,,,,,,,,,,,,,,,,,,17.23078658,,,,,18.99775068,,,,,19.45704288,,,,,19.54254192,,,,,18.84916758,18.68772702,,18.38037426,,
China,CHN,"PM2.5 air pollution, mean annual exposure (micrograms per cubic meter)",EN.ATM.PM25.MC.M3,,,,,,,,,,,,,,,,,,,,,,,,,,,,,,,39.30215507,,,,,41.91099519,,,,,44.15125022,,,,,51.02591326,,,,,54.15091017,54.0757432,,54.35615206,,
Cote d'Ivoire,CIV,"PM2.5 air pollution, mean annual exposure (micrograms per cubic meter)",EN.ATM.PM25.MC.M3,,,,,,,,,,,,,,,,,,,,,,,,,,,,,,,19.49505998,,,,,19.36663347,,,,,19.21347297,,,,,20.31601994,,,,,18.53563328,18.89271962,,20.30309663,,
Cameroon,CMR,"PM2.5 air pollution, mean annual exposure (micrograms per cubic meter)",EN.ATM.PM25.MC.M3,,,,,,,,,,,,,,,,,,,,,,,,,,,,,,,22.78307612,,,,,22.69892116,,,,,22.46095701,,,,,23.33121874,,,,,20.96843604,21.03029665,,21.344852,,
"Congo, Rep.",COG,"PM2.5 air pollution, mean annual exposure (micrograms per cubic meter)",EN.ATM.PM25.MC.M3,,,,,,,,,,,,,,,,,,,,,,,,,,,,,,,16.76197358,,,,,16.42952157,,,,,16.33728013,,,,,15.18968519,,,,,14.13830028,13.85458101,,13.81263056,,
Colombia,COL,"PM2.5 air pollution, mean annual exposure (micrograms per cubic meter)",EN.ATM.PM25.MC.M3,,,,,,,,,,,,,,,,,,,,,,,,,,,,,,,9.148846135,,,,,8.76381809,,,,,9.106287604,,,,,10.10596292,,,,,11.68169997,11.93359865,,12.63048752,,
Comoros,COM,"PM2.5 air pollution, mean annual exposure (micrograms per cubic meter)",EN.ATM.PM25.MC.M3,,,,,,,,,,,,,,,,,,,,,,,,,,,,,,,5.74504202,,,,,5.826702967,,,,,5.885471186,,,,,6.344329505,,,,,6.648178507,6.734685805,,6.913008187,,
Cabo Verde,CPV,"PM2.5 air pollution, mean annual exposure (micrograms per cubic meter)",EN.ATM.PM25.MC.M3,,,,,,,,,,,,,,,,,,,,,,,,,,,,,,,41.92002519,,,,,41.86350726,,,,,41.79697144,,,,,39.06525464,,,,,37.28670164,39.01900754,,43.06526502,,
Costa Rica,CRI,"PM2.5 air pollution, mean annual exposure (micrograms per cubic meter)",EN.ATM.PM25.MC.M3,,,,,,,,,,,,,,,,,,,,,,,,,,,,,,,8.079695815,,,,,8.410381945,,,,,8.710418626,,,,,9.363152176,,,,,8.983530618,9.065632929,,9.308892061,,
Caribbean small states,CSS,"PM2.5 air pollution, mean annual exposure (micrograms per cubic meter)",EN.ATM.PM25.MC.M3,,,,,,,,,,,,,,,,,,,,,,,,,,,,,,,10.67324753,,,,,10.67221487,,,,,10.69034611,,,,,10.50792705,,,,,10.659854,10.65437004,,10.80026733,,
Cuba,CUB,"PM2.5 air pollution, mean annual exposure (micrograms per cubic meter)",EN.ATM.PM25.MC.M3,,,,,,,,,,,,,,,,,,,,,,,,,,,,,,,9.492482298,,,,,9.366029596,,,,,9.330138505,,,,,9.205190619,,,,,8.413942462,8.504392807,,10.97071849,,
Curacao,CUW,"PM2.5 air pollution, mean annual exposure (micrograms per cubic meter)",EN.ATM.PM25.MC.M3,,,,,,,,,,,,,,,,,,,,,,,,,,,,,,,,,,,,,,,,,,,,,,,,,,,,,,,,
Cayman Islands,CYM,"PM2.5 air pollution, mean annual exposure (micrograms per cubic meter)",EN.ATM.PM25.MC.M3,,,,,,,,,,,,,,,,,,,,,,,,,,,,,,,,,,,,,,,,,,,,,,,,,,,,,,,,
Cyprus,CYP,"PM2.5 air pollution, mean annual exposure (micrograms per cubic meter)",EN.ATM.PM25.MC.M3,,,,,,,,,,,,,,,,,,,,,,,,,,,,,,,20.23670029,,,,,19.18456271,,,,,18.84745981,,,,,18.60967492,,,,,17.5303154,17.15678528,,16.46045931,,
Czech Republic,CZE,"PM2.5 air pollution, mean annual exposure (micrograms per cubic meter)",EN.ATM.PM25.MC.M3,,,,,,,,,,,,,,,,,,,,,,,,,,,,,,,32.8266152,,,,,24.48052776,,,,,18.60313578,,,,,18.37133163,,,,,16.62960993,16.55507337,,16.55100847,,
Germany,DEU,"PM2.5 air pollution, mean annual exposure (micrograms per cubic meter)",EN.ATM.PM25.MC.M3,,,,,,,,,,,,,,,,,,,,,,,,,,,,,,,29.7507189,,,,,22.75323533,,,,,17.91352975,,,,,17.42031883,,,,,15.99086547,15.7186022,,15.34586343,,
Djibouti,DJI,"PM2.5 air pollution, mean annual exposure (micrograms per cubic meter)",EN.ATM.PM25.MC.M3,,,,,,,,,,,,,,,,,,,,,,,,,,,,,,,20.45582514,,,,,20.42803725,,,,,20.60174549,,,,,21.23325938,,,,,24.15187582,25.36705261,,28.03630333,,
Dominica,DMA,"PM2.5 air pollution, mean annual exposure (micrograms per cubic meter)",EN.ATM.PM25.MC.M3,,,,,,,,,,,,,,,,,,,,,,,,,,,,,,,14.34870869,,,,,14.35224042,,,,,14.33948713,,,,,14.80149738,,,,,14.83828367,15.02207804,,15.39927748,,
Denmark,DNK,"PM2.5 air pollution, mean annual exposure (micrograms per cubic meter)",EN.ATM.PM25.MC.M3,,,,,,,,,,,,,,,,,,,,,,,,,,,,,,,18.30393946,,,,,14.925539,,,,,12.47567626,,,,,11.43387272,,,,,10.61851696,10.66734526,,11.40544615,,
Dominican Republic,DOM,"PM2.5 air pollution, mean annual exposure (micrograms per cubic meter)",EN.ATM.PM25.MC.M3,,,,,,,,,,,,,,,,,,,,,,,,,,,,,,,11.62050733,,,,,11.88638543,,,,,11.97774854,,,,,11.49825445,,,,,11.11370419,11.47256678,,12.489887,,
Algeria,DZA,"PM2.5 air pollution, mean annual exposure (micrograms per cubic meter)",EN.ATM.PM25.MC.M3,,,,,,,,,,,,,,,,,,,,,,,,,,,,,,,20.68127691,,,,,20.64589146,,,,,20.54319302,,,,,20.13863086,,,,,19.15429188,19.16778246,,19.2635043,,
East Asia & Pacific (developing only),EAP,"PM2.5 air pollution, mean annual exposure (micrograms per cubic meter)",EN.ATM.PM25.MC.M3,,,,,,,,,,,,,,,,,,,,,,,,,,,,,,,33.00219536,,,,,34.0674667,,,,,35.02706664,,,,,39.82575461,,,,,41.97692897,42.0130205,,42.501768,,
East Asia & Pacific (all income levels),EAS,"PM2.5 air pollution, mean annual exposure (micrograms per cubic meter)",EN.ATM.PM25.MC.M3,,,,,,,,,,,,,,,,,,,,,,,,,,,,,,,31.72297626,,,,,32.54622845,,,,,33.31463674,,,,,37.60871149,,,,,39.48211945,39.50737669,,39.94387838,,
Europe & Central Asia (developing only),ECA,"PM2.5 air pollution, mean annual exposure (micrograms per cubic meter)",EN.ATM.PM25.MC.M3,,,,,,,,,,,,,,,,,,,,,,,,,,,,,,,25.16155381,,,,,20.92789335,,,,,18.5824249,,,,,18.60220315,,,,,18.69323055,18.4142948,,17.99697586,,
Europe & Central Asia (all income levels),ECS,"PM2.5 air pollution, mean annual exposure (micrograms per cubic meter)",EN.ATM.PM25.MC.M3,,,,,,,,,,,,,,,,,,,,,,,,,,,,,,,24.0928606,,,,,20.03608431,,,,,17.33267525,,,,,17.0078768,,,,,16.04347081,15.76296489,,15.34912725,,
Ecuador,ECU,"PM2.5 air pollution, mean annual exposure (micrograms per cubic meter)",EN.ATM.PM25.MC.M3,,,,,,,,,,,,,,,,,,,,,,,,,,,,,,,8.01273663,,,,,8.014527345,,,,,8.376745872,,,,,9.626613371,,,,,10.95683763,11.8056509,,13.90796767,,
"Egypt, Arab Rep.",EGY,"PM2.5 air pollution, mean annual exposure (micrograms per cubic meter)",EN.ATM.PM25.MC.M3,,,,,,,,,,,,,,,,,,,,,,,,,,,,,,,35.91970815,,,,,36.95832283,,,,,37.58243559,,,,,37.09114475,,,,,34.99149114,35.40708579,,36.40500393,,
Euro area,EMU,"PM2.5 air pollution, mean annual exposure (micrograms per cubic meter)",EN.ATM.PM25.MC.M3,,,,,,,,,,,,,,,,,,,,,,,,,,,,,,,25.39754687,,,,,21.50762681,,,,,18.51027268,,,,,17.46645729,,,,,15.80561974,15.42726528,,14.81671685,,
Eritrea,ERI,"PM2.5 air pollution, mean annual exposure (micrograms per cubic meter)",EN.ATM.PM25.MC.M3,,,,,,,,,,,,,,,,,,,,,,,,,,,,,,,22.79879397,,,,,22.71953914,,,,,22.76993766,,,,,23.47092959,,,,,24.1713457,24.3595604,,24.81733113,,
Spain,ESP,"PM2.5 air pollution, mean annual exposure (micrograms per cubic meter)",EN.ATM.PM25.MC.M3,,,,,,,,,,,,,,,,,,,,,,,,,,,,,,,17.82114697,,,,,17.52561247,,,,,16.92113412,,,,,15.22476203,,,,,12.77224529,12.36934328,,11.65039245,,
Estonia,EST,"PM2.5 air pollution, mean annual exposure (micrograms per cubic meter)",EN.ATM.PM25.MC.M3,,,,,,,,,,,,,,,,,,,,,,,,,,,,,,,14.02765474,,,,,11.24142359,,,,,9.721202643,,,,,9.327369635,,,,,9.497712722,9.334870509,,9.094014053,,
Ethiopia,ETH,"PM2.5 air pollution, mean annual exposure (micrograms per cubic meter)",EN.ATM.PM25.MC.M3,,,,,,,,,,,,,,,,,,,,,,,,,,,,,,,15.98971475,,,,,16.02249183,,,,,16.07729846,,,,,16.82323526,,,,,17.04448671,17.15557619,,17.60024894,,
European Union,EUU,"PM2.5 air pollution, mean annual exposure (micrograms per cubic meter)",EN.ATM.PM25.MC.M3,,,,,,,,,,,,,,,,,,,,,,,,,,,,,,,25.51530589,,,,,21.20147406,,,,,17.98957428,,,,,16.95903769,,,,,15.39435167,15.02431824,,14.43345311,,
Fragile and conflict affected situations,FCS,"PM2.5 air pollution, mean annual exposure (micrograms per cubic meter)",EN.ATM.PM25.MC.M3,,,,,,,,,,,,,,,,,,,,,,,,,,,,,,,19.74637401,,,,,19.7244791,,,,,19.97038939,,,,,20.96745337,,,,,21.90435741,22.22054016,,23.08069156,,
Finland,FIN,"PM2.5 air pollution, mean annual exposure (micrograms per cubic meter)",EN.ATM.PM25.MC.M3,,,,,,,,,,,,,,,,,,,,,,,,,,,,,,,9.555474898,,,,,8.238245316,,,,,7.531923076,,,,,7.990274935,,,,,7.412987924,7.224872336,,7.032870806,,
Fiji,FJI,"PM2.5 air pollution, mean annual exposure (micrograms per cubic meter)",EN.ATM.PM25.MC.M3,,,,,,,,,,,,,,,,,,,,,,,,,,,,,,,7.495643868,,,,,7.47133937,,,,,7.454336119,,,,,7.432325679,,,,,7.495301728,7.492394002,,7.486698003,,
France,FRA,"PM2.5 air pollution, mean annual exposure (micrograms per cubic meter)",EN.ATM.PM25.MC.M3,,,,,,,,,,,,,,,,,,,,,,,,,,,,,,,22.75672757,,,,,20.14505956,,,,,17.84265694,,,,,16.72079655,,,,,15.0403296,14.67033815,,14.02274349,,
Faeroe Islands,FRO,"PM2.5 air pollution, mean annual exposure (micrograms per cubic meter)",EN.ATM.PM25.MC.M3,,,,,,,,,,,,,,,,,,,,,,,,,,,,,,,,,,,,,,,,,,,,,,,,,,,,,,,,
"Micronesia, Fed. Sts.",FSM,"PM2.5 air pollution, mean annual exposure (micrograms per cubic meter)",EN.ATM.PM25.MC.M3,,,,,,,,,,,,,,,,,,,,,,,,,,,,,,,1.164325168,,,,,1.150649584,,,,,1.139339056,,,,,3.439149303,,,,,4.274691598,4.303721973,,4.363149564,,
Gabon,GAB,"PM2.5 air pollution, mean annual exposure (micrograms per cubic meter)",EN.ATM.PM25.MC.M3,,,,,,,,,,,,,,,,,,,,,,,,,,,,,,,12.51725452,,,,,12.33646106,,,,,12.2677678,,,,,10.37050909,,,,,9.755840114,9.972955309,,10.92048756,,
United Kingdom,GBR,"PM2.5 air pollution, mean annual exposure (micrograms per cubic meter)",EN.ATM.PM25.MC.M3,,,,,,,,,,,,,,,,,,,,,,,,,,,,,,,19.74423463,,,,,16.99874436,,,,,14.55270116,,,,,12.67567363,,,,,11.39204608,11.16437863,,10.8052992,,
Georgia,GEO,"PM2.5 air pollution, mean annual exposure (micrograms per cubic meter)",EN.ATM.PM25.MC.M3,,,,,,,,,,,,,,,,,,,,,,,,,,,,,,,20.4289706,,,,,17.71533624,,,,,16.70485426,,,,,16.85456969,,,,,17.25425853,16.59129516,,15.50542024,,
Ghana,GHA,"PM2.5 air pollution, mean annual exposure (micrograms per cubic meter)",EN.ATM.PM25.MC.M3,,,,,,,,,,,,,,,,,,,,,,,,,,,,,,,22.52879912,,,,,22.5362882,,,,,22.4912391,,,,,23.76819327,,,,,23.02470653,23.9611476,,26.53877269,,
Guinea,GIN,"PM2.5 air pollution, mean annual exposure (micrograms per cubic meter)",EN.ATM.PM25.MC.M3,,,,,,,,,,,,,,,,,,,,,,,,,,,,,,,26.61738813,,,,,26.32439899,,,,,26.0821967,,,,,25.56762106,,,,,24.15515753,25.01003374,,27.0249725,,
"Gambia, The",GMB,"PM2.5 air pollution, mean annual exposure (micrograms per cubic meter)",EN.ATM.PM25.MC.M3,,,,,,,,,,,,,,,,,,,,,,,,,,,,,,,35.13562308,,,,,35.00337036,,,,,34.92639937,,,,,34.49020507,,,,,33.52398488,33.92724677,,34.79641265,,
Guinea-Bissau,GNB,"PM2.5 air pollution, mean annual exposure (micrograms per cubic meter)",EN.ATM.PM25.MC.M3,,,,,,,,,,,,,,,,,,,,,,,,,,,,,,,33.11957693,,,,,33.0826958,,,,,33.04666855,,,,,31.17657816,,,,,29.51449343,29.72907017,,30.20367094,,
Equatorial Guinea,GNQ,"PM2.5 air pollution, mean annual exposure (micrograms per cubic meter)",EN.ATM.PM25.MC.M3,,,,,,,,,,,,,,,,,,,,,,,,,,,,,,,10.77496548,,,,,10.69840994,,,,,10.59562911,,,,,11.4848729,,,,,10.0646354,10.18847275,,11.25262253,,
Greece,GRC,"PM2.5 air pollution, mean annual exposure (micrograms per cubic meter)",EN.ATM.PM25.MC.M3,,,,,,,,,,,,,,,,,,,,,,,,,,,,,,,23.03728699,,,,,20.9163048,,,,,19.25396221,,,,,18.13866361,,,,,17.10115562,16.45261294,,15.3653079,,
Grenada,GRD,"PM2.5 air pollution, mean annual exposure (micrograms per cubic meter)",EN.ATM.PM25.MC.M3,,,,,,,,,,,,,,,,,,,,,,,,,,,,,,,14.25708232,,,,,14.25100667,,,,,14.24634276,,,,,13.85006096,,,,,14.26014755,15.07406823,,16.86764266,,
Greenland,GRL,"PM2.5 air pollution, mean annual exposure (micrograms per cubic meter)",EN.ATM.PM25.MC.M3,,,,,,,,,,,,,,,,,,,,,,,,,,,,,,,,,,,,,,,,,,,,,,,,,,,,,,,,
Guatemala,GTM,"PM2.5 air pollution, mean annual exposure (micrograms per cubic meter)",EN.ATM.PM25.MC.M3,,,,,,,,,,,,,,,,,,,,,,,,,,,,,,,11.35353613,,,,,12.26583847,,,,,12.87365238,,,,,13.494252,,,,,12.40732965,12.32914605,,12.40108908,,
Guam,GUM,"PM2.5 air pollution, mean annual exposure (micrograms per cubic meter)",EN.ATM.PM25.MC.M3,,,,,,,,,,,,,,,,,,,,,,,,,,,,,,,,,,,,,,,,,,,,,,,,,,,,,,,,
Guyana,GUY,"PM2.5 air pollution, mean annual exposure (micrograms per cubic meter)",EN.ATM.PM25.MC.M3,,,,,,,,,,,,,,,,,,,,,,,,,,,,,,,8.816109124,,,,,8.75749164,,,,,8.805320066,,,,,7.472924412,,,,,7.407239555,7.698548707,,8.746643366,,
High income,HIC,"PM2.5 air pollution, mean annual exposure (micrograms per cubic meter)",EN.ATM.PM25.MC.M3,,,,,,,,,,,,,,,,,,,,,,,,,,,,,,,21.21942454,,,,,18.73720775,,,,,17.01342836,,,,,16.69810836,,,,,15.75284059,15.53123131,,15.20625131,,
"Hong Kong SAR, China",HKG,"PM2.5 air pollution, mean annual exposure (micrograms per cubic meter)",EN.ATM.PM25.MC.M3,,,,,,,,,,,,,,,,,,,,,,,,,,,,,,,,,,,,,,,,,,,,,,,,,,,,,,,,
Honduras,HND,"PM2.5 air pollution, mean annual exposure (micrograms per cubic meter)",EN.ATM.PM25.MC.M3,,,,,,,,,,,,,,,,,,,,,,,,,,,,,,,8.599783249,,,,,8.82047934,,,,,9.051931128,,,,,9.444437137,,,,,9.104083514,8.8282708,,8.672456981,,
Heavily indebted poor countries (HIPC),HPC,"PM2.5 air pollution, mean annual exposure (micrograms per cubic meter)",EN.ATM.PM25.MC.M3,,,,,,,,,,,,,,,,,,,,,,,,,,,,,,,17.97483909,,,,,17.973126,,,,,17.97426116,,,,,18.51418376,,,,,18.23414734,18.60173974,,19.57132621,,
Croatia,HRV,"PM2.5 air pollution, mean annual exposure (micrograms per cubic meter)",EN.ATM.PM25.MC.M3,,,,,,,,,,,,,,,,,,,,,,,,,,,,,,,24.88907926,,,,,20.61904196,,,,,17.75438981,,,,,16.92259305,,,,,15.06368023,14.64044285,,13.93207791,,
Haiti,HTI,"PM2.5 air pollution, mean annual exposure (micrograms per cubic meter)",EN.ATM.PM25.MC.M3,,,,,,,,,,,,,,,,,,,,,,,,,,,,,,,12.0310069,,,,,12.28802532,,,,,12.39988502,,,,,12.84884659,,,,,12.69083908,12.87772251,,13.35166645,,
Hungary,HUN,"PM2.5 air pollution, mean annual exposure (micrograms per cubic meter)",EN.ATM.PM25.MC.M3,,,,,,,,,,,,,,,,,,,,,,,,,,,,,,,34.09188699,,,,,26.10268761,,,,,20.79284607,,,,,19.78919184,,,,,17.88734125,17.10336362,,15.7556316,,
Indonesia,IDN,"PM2.5 air pollution, mean annual exposure (micrograms per cubic meter)",EN.ATM.PM25.MC.M3,,,,,,,,,,,,,,,,,,,,,,,,,,,,,,,21.01878881,,,,,15.87026071,,,,,12.10635356,,,,,11.94788841,,,,,12.14921503,12.86146958,,14.76866886,,
Isle of Man,IMN,"PM2.5 air pollution, mean annual exposure (micrograms per cubic meter)",EN.ATM.PM25.MC.M3,,,,,,,,,,,,,,,,,,,,,,,,,,,,,,,,,,,,,,,,,,,,,,,,,,,,,,,,
India,IND,"PM2.5 air pollution, mean annual exposure (micrograms per cubic meter)",EN.ATM.PM25.MC.M3,,,,,,,,,,,,,,,,,,,,,,,,,,,,,,,30.25337879,,,,,31.78066639,,,,,33.66350054,,,,,38.71019126,,,,,43.40215494,44.44439982,,46.68133736,,
Not classified,INX,"PM2.5 air pollution, mean annual exposure (micrograms per cubic meter)",EN.ATM.PM25.MC.M3,,,,,,,,,,,,,,,,,,,,,,,,,,,,,,,,,,,,,,,,,,,,,,,,,,,,,,,,
Ireland,IRL,"PM2.5 air pollution, mean annual exposure (micrograms per cubic meter)",EN.ATM.PM25.MC.M3,,,,,,,,,,,,,,,,,,,,,,,,,,,,,,,12.11971859,,,,,10.84918445,,,,,9.755437311,,,,,8.758182506,,,,,8.392604441,8.211785456,,7.928650129,,
"Iran, Islamic Rep.",IRN,"PM2.5 air pollution, mean annual exposure (micrograms per cubic meter)",EN.ATM.PM25.MC.M3,,,,,,,,,,,,,,,,,,,,,,,,,,,,,,,28.6448359,,,,,28.78409029,,,,,29.40902428,,,,,29.9644053,,,,,31.89355299,31.83829617,,31.88947411,,
Iraq,IRQ,"PM2.5 air pollution, mean annual exposure (micrograms per cubic meter)",EN.ATM.PM25.MC.M3,,,,,,,,,,,,,,,,,,,,,,,,,,,,,,,29.12669723,,,,,29.16402753,,,,,29.60970526,,,,,31.18721719,,,,,35.64615838,34.52953445,,32.56874092,,
Iceland,ISL,"PM2.5 air pollution, mean annual exposure (micrograms per cubic meter)",EN.ATM.PM25.MC.M3,,,,,,,,,,,,,,,,,,,,,,,,,,,,,,,7.073422008,,,,,6.946363015,,,,,6.873585397,,,,,6.953786186,,,,,6.985621599,7.047280812,,7.183451661,,
Israel,ISR,"PM2.5 air pollution, mean annual exposure (micrograms per cubic meter)",EN.ATM.PM25.MC.M3,,,,,,,,,,,,,,,,,,,,,,,,,,,,,,,27.17149224,,,,,26.9809199,,,,,26.94625998,,,,,26.8709161,,,,,26.34741191,26.1452813,,25.7797558,,
Italy,ITA,"PM2.5 air pollution, mean annual exposure (micrograms per cubic meter)",EN.ATM.PM25.MC.M3,,,,,,,,,,,,,,,,,,,,,,,,,,,,,,,30.61272833,,,,,26.77936674,,,,,23.47808453,,,,,21.93235917,,,,,20.08179543,19.44925271,,18.33734543,,
Jamaica,JAM,"PM2.5 air pollution, mean annual exposure (micrograms per cubic meter)",EN.ATM.PM25.MC.M3,,,,,,,,,,,,,,,,,,,,,,,,,,,,,,,11.08362139,,,,,11.15020449,,,,,11.18861547,,,,,11.25858611,,,,,11.26275667,11.1923447,,11.13467868,,
Jordan,JOR,"PM2.5 air pollution, mean annual exposure (micrograms per cubic meter)",EN.ATM.PM25.MC.M3,,,,,,,,,,,,,,,,,,,,,,,,,,,,,,,26.47283664,,,,,26.36138867,,,,,26.32628549,,,,,25.90205868,,,,,26.29467633,26.06131434,,25.64015898,,
Japan,JPN,"PM2.5 air pollution, mean annual exposure (micrograms per cubic meter)",EN.ATM.PM25.MC.M3,,,,,,,,,,,,,,,,,,,,,,,,,,,,,,,19.42116209,,,,,18.64262615,,,,,18.0431125,,,,,17.59016769,,,,,16.76235251,16.47315039,,16.03056916,,
Kazakhstan,KAZ,"PM2.5 air pollution, mean annual exposure (micrograms per cubic meter)",EN.ATM.PM25.MC.M3,,,,,,,,,,,,,,,,,,,,,,,,,,,,,,,16.43215299,,,,,14.22817609,,,,,13.36207715,,,,,14.93833639,,,,,14.93093733,14.66493058,,14.2216327,,
Kenya,KEN,"PM2.5 air pollution, mean annual exposure (micrograms per cubic meter)",EN.ATM.PM25.MC.M3,,,,,,,,,,,,,,,,,,,,,,,,,,,,,,,10.08644279,,,,,10.10453816,,,,,10.04456589,,,,,10.70360696,,,,,10.71674848,10.93640156,,11.43267896,,
Kyrgyz Republic,KGZ,"PM2.5 air pollution, mean annual exposure (micrograms per cubic meter)",EN.ATM.PM25.MC.M3,,,,,,,,,,,,,,,,,,,,,,,,,,,,,,,19.55082066,,,,,17.45614665,,,,,16.53738576,,,,,18.11380906,,,,,17.98405636,18.05039309,,18.33702054,,
Cambodia,KHM,"PM2.5 air pollution, mean annual exposure (micrograms per cubic meter)",EN.ATM.PM25.MC.M3,,,,,,,,,,,,,,,,,,,,,,,,,,,,,,,10.17848675,,,,,10.14382296,,,,,10.91220085,,,,,14.5829556,,,,,17.32497087,18.0809624,,19.73621706,,
Kiribati,KIR,"PM2.5 air pollution, mean annual exposure (micrograms per cubic meter)",EN.ATM.PM25.MC.M3,,,,,,,,,,,,,,,,,,,,,,,,,,,,,,,7.430191883,,,,,7.430191883,,,,,7.430191883,,,,,7.430191883,,,,,7.430191883,7.430191883,,7.430191883,,
St. Kitts and Nevis,KNA,"PM2.5 air pollution, mean annual exposure (micrograms per cubic meter)",EN.ATM.PM25.MC.M3,,,,,,,,,,,,,,,,,,,,,,,,,,,,,,,,,,,,,,,,,,,,,,,,,,,,,,,,
"Korea, Rep.",KOR,"PM2.5 air pollution, mean annual exposure (micrograms per cubic meter)",EN.ATM.PM25.MC.M3,,,,,,,,,,,,,,,,,,,,,,,,,,,,,,,35.58757242,,,,,31.9884308,,,,,29.41998389,,,,,29.95908257,,,,,29.26828575,29.17905333,,29.08259738,,
Kosovo,KSV,"PM2.5 air pollution, mean annual exposure (micrograms per cubic meter)",EN.ATM.PM25.MC.M3,,,,,,,,,,,,,,,,,,,,,,,,,,,,,,,,,,,,,,,,,,,,,,,,,,,,,,,,
Kuwait,KWT,"PM2.5 air pollution, mean annual exposure (micrograms per cubic meter)",EN.ATM.PM25.MC.M3,,,,,,,,,,,,,,,,,,,,,,,,,,,,,,,36.49786492,,,,,36.56503552,,,,,36.80981287,,,,,40.39608532,,,,,46.57512321,47.37925845,,49.13329988,,
Latin America & Caribbean (developing only),LAC,"PM2.5 air pollution, mean annual exposure (micrograms per cubic meter)",EN.ATM.PM25.MC.M3,,,,,,,,,,,,,,,,,,,,,,,,,,,,,,,10.56085814,,,,,10.60145912,,,,,10.95305658,,,,,11.87009172,,,,,12.72452506,13.0040366,,13.78039317,,
Lao PDR,LAO,"PM2.5 air pollution, mean annual exposure (micrograms per cubic meter)",EN.ATM.PM25.MC.M3,,,,,,,,,,,,,,,,,,,,,,,,,,,,,,,14.6372851,,,,,14.75118068,,,,,15.25549656,,,,,18.49155874,,,,,20.56177305,22.22568763,,27.47712698,,
Lebanon,LBN,"PM2.5 air pollution, mean annual exposure (micrograms per cubic meter)",EN.ATM.PM25.MC.M3,,,,,,,,,,,,,,,,,,,,,,,,,,,,,,,24.38569207,,,,,23.75747992,,,,,23.61527429,,,,,23.66941977,,,,,23.19445606,23.28741339,,23.56331481,,
Liberia,LBR,"PM2.5 air pollution, mean annual exposure (micrograms per cubic meter)",EN.ATM.PM25.MC.M3,,,,,,,,,,,,,,,,,,,,,,,,,,,,,,,14.20044067,,,,,14.28732218,,,,,14.34879297,,,,,16.09233101,,,,,16.47279636,17.8307903,,22.72179431,,
Libya,LBY,"PM2.5 air pollution, mean annual exposure (micrograms per cubic meter)",EN.ATM.PM25.MC.M3,,,,,,,,,,,,,,,,,,,,,,,,,,,,,,,30.25420593,,,,,29.43385169,,,,,28.78122045,,,,,29.95678161,,,,,30.07514447,29.22092358,,27.82098294,,
St. Lucia,LCA,"PM2.5 air pollution, mean annual exposure (micrograms per cubic meter)",EN.ATM.PM25.MC.M3,,,,,,,,,,,,,,,,,,,,,,,,,,,,,,,15.28341473,,,,,15.25234681,,,,,15.24763373,,,,,14.9694728,,,,,15.53743356,15.56105621,,15.60938952,,
Latin America & Caribbean (all income levels),LCN,"PM2.5 air pollution, mean annual exposure (micrograms per cubic meter)",EN.ATM.PM25.MC.M3,,,,,,,,,,,,,,,,,,,,,,,,,,,,,,,10.56779399,,,,,10.65925173,,,,,11.00155544,,,,,11.83226212,,,,,12.61461665,12.84591901,,13.51129524,,
Least developed countries: UN classification,LDC,"PM2.5 air pollution, mean annual exposure (micrograms per cubic meter)",EN.ATM.PM25.MC.M3,,,,,,,,,,,,,,,,,,,,,,,,,,,,,,,20.63724016,,,,,21.12462476,,,,,21.73247004,,,,,23.41030709,,,,,24.60296604,25.09165058,,26.24923485,,
Low income,LIC,"PM2.5 air pollution, mean annual exposure (micrograms per cubic meter)",EN.ATM.PM25.MC.M3,,,,,,,,,,,,,,,,,,,,,,,,,,,,,,,17.60777883,,,,,17.51331252,,,,,17.53737312,,,,,18.24097643,,,,,18.33632221,18.71335474,,19.66960108,,
Liechtenstein,LIE,"PM2.5 air pollution, mean annual exposure (micrograms per cubic meter)",EN.ATM.PM25.MC.M3,,,,,,,,,,,,,,,,,,,,,,,,,,,,,,,,,,,,,,,,,,,,,,,,,,,,,,,,
Sri Lanka,LKA,"PM2.5 air pollution, mean annual exposure (micrograms per cubic meter)",EN.ATM.PM25.MC.M3,,,,,,,,,,,,,,,,,,,,,,,,,,,,,,,11.45142043,,,,,12.07656545,,,,,12.82331187,,,,,14.60322498,,,,,16.1042149,16.41330415,,17.14625712,,
Lower middle income,LMC,"PM2.5 air pollution, mean annual exposure (micrograms per cubic meter)",EN.ATM.PM25.MC.M3,,,,,,,,,,,,,,,,,,,,,,,,,,,,,,,26.99051729,,,,,27.25206733,,,,,28.02065929,,,,,31.05450209,,,,,33.57185437,34.2872699,,35.91994582,,
Low & middle income,LMY,"PM2.5 air pollution, mean annual exposure (micrograms per cubic meter)",EN.ATM.PM25.MC.M3,,,,,,,,,,,,,,,,,,,,,,,,,,,,,,,27.83015892,,,,,28.39267776,,,,,29.15279412,,,,,32.31867972,,,,,34.18660217,34.51493434,,35.43135167,,
Lesotho,LSO,"PM2.5 air pollution, mean annual exposure (micrograms per cubic meter)",EN.ATM.PM25.MC.M3,,,,,,,,,,,,,,,,,,,,,,,,,,,,,,,9.510046939,,,,,9.860943897,,,,,10.08974171,,,,,10.42466176,,,,,10.63256579,10.64669678,,10.69696164,,
Lithuania,LTU,"PM2.5 air pollution, mean annual exposure (micrograms per cubic meter)",EN.ATM.PM25.MC.M3,,,,,,,,,,,,,,,,,,,,,,,,,,,,,,,23.25976812,,,,,17.88927406,,,,,14.74631682,,,,,14.9202823,,,,,14.26537208,14.05596979,,13.75208177,,
Luxembourg,LUX,"PM2.5 air pollution, mean annual exposure (micrograms per cubic meter)",EN.ATM.PM25.MC.M3,,,,,,,,,,,,,,,,,,,,,,,,,,,,,,,27.18211336,,,,,22.55932257,,,,,19.14315408,,,,,16.33459034,,,,,15.21245809,15.05846894,,14.7988954,,
Latvia,LVA,"PM2.5 air pollution, mean annual exposure (micrograms per cubic meter)",EN.ATM.PM25.MC.M3,,,,,,,,,,,,,,,,,,,,,,,,,,,,,,,19.77997708,,,,,15.25226051,,,,,12.66847037,,,,,12.49413208,,,,,12.28223372,12.1414839,,12.02107297,,
"Macao SAR, China",MAC,"PM2.5 air pollution, mean annual exposure (micrograms per cubic meter)",EN.ATM.PM25.MC.M3,,,,,,,,,,,,,,,,,,,,,,,,,,,,,,,,,,,,,,,,,,,,,,,,,,,,,,,,
St. Martin (French part),MAF,"PM2.5 air pollution, mean annual exposure (micrograms per cubic meter)",EN.ATM.PM25.MC.M3,,,,,,,,,,,,,,,,,,,,,,,,,,,,,,,,,,,,,,,,,,,,,,,,,,,,,,,,
Morocco,MAR,"PM2.5 air pollution, mean annual exposure (micrograms per cubic meter)",EN.ATM.PM25.MC.M3,,,,,,,,,,,,,,,,,,,,,,,,,,,,,,,18.2497828,,,,,18.48553559,,,,,18.51507912,,,,,18.47002276,,,,,16.82650008,16.97939284,,17.35731146,,
Monaco,MCO,"PM2.5 air pollution, mean annual exposure (micrograms per cubic meter)",EN.ATM.PM25.MC.M3,,,,,,,,,,,,,,,,,,,,,,,,,,,,,,,,,,,,,,,,,,,,,,,,,,,,,,,,
Moldova,MDA,"PM2.5 air pollution, mean annual exposure (micrograms per cubic meter)",EN.ATM.PM25.MC.M3,,,,,,,,,,,,,,,,,,,,,,,,,,,,,,,32.10623961,,,,,24.35781811,,,,,19.2314772,,,,,17.98669692,,,,,17.69082128,17.46057779,,17.06247872,,
Madagascar,MDG,"PM2.5 air pollution, mean annual exposure (micrograms per cubic meter)",EN.ATM.PM25.MC.M3,,,,,,,,,,,,,,,,,,,,,,,,,,,,,,,5.814257865,,,,,5.78442398,,,,,5.765806542,,,,,5.880387206,,,,,6.078487093,6.11417748,,6.195019374,,
Maldives,MDV,"PM2.5 air pollution, mean annual exposure (micrograms per cubic meter)",EN.ATM.PM25.MC.M3,,,,,,,,,,,,,,,,,,,,,,,,,,,,,,,14.21815,,,,,,,,,,,,,,,15.19199,,,,,15.75179,,,,,
Middle East & North Africa (all income levels),MEA,"PM2.5 air pollution, mean annual exposure (micrograms per cubic meter)",EN.ATM.PM25.MC.M3,,,,,,,,,,,,,,,,,,,,,,,,,,,,,,,29.54582834,,,,,29.80602091,,,,,30.20493357,,,,,30.51419215,,,,,31.31876659,31.35536062,,31.55019065,,
Mexico,MEX,"PM2.5 air pollution, mean annual exposure (micrograms per cubic meter)",EN.ATM.PM25.MC.M3,,,,,,,,,,,,,,,,,,,,,,,,,,,,,,,14.50784215,,,,,15.93216394,,,,,16.42394112,,,,,15.36197904,,,,,13.04301876,12.6348857,,11.92851427,,
Marshall Islands,MHL,"PM2.5 air pollution, mean annual exposure (micrograms per cubic meter)",EN.ATM.PM25.MC.M3,,,,,,,,,,,,,,,,,,,,,,,,,,,,,,,8.195201,,,,,,,,,,,,,,,5.080266,,,,,7.859519,,,,,
Middle income,MIC,"PM2.5 air pollution, mean annual exposure (micrograms per cubic meter)",EN.ATM.PM25.MC.M3,,,,,,,,,,,,,,,,,,,,,,,,,,,,,,,28.71022732,,,,,29.38449648,,,,,30.27627138,,,,,33.78014488,,,,,35.95804089,36.30789829,,37.27517843,,
"Macedonia, FYR",MKD,"PM2.5 air pollution, mean annual exposure (micrograms per cubic meter)",EN.ATM.PM25.MC.M3,,,,,,,,,,,,,,,,,,,,,,,,,,,,,,,25.70128127,,,,,22.61813848,,,,,20.5549426,,,,,19.64493081,,,,,17.99016417,17.6057229,,16.99602348,,
Mali,MLI,"PM2.5 air pollution, mean annual exposure (micrograms per cubic meter)",EN.ATM.PM25.MC.M3,,,,,,,,,,,,,,,,,,,,,,,,,,,,,,,33.64674378,,,,,33.75922306,,,,,33.80827626,,,,,34.66781784,,,,,33.18388095,34.04647985,,35.93209264,,
Malta,MLT,"PM2.5 air pollution, mean annual exposure (micrograms per cubic meter)",EN.ATM.PM25.MC.M3,,,,,,,,,,,,,,,,,,,,,,,,,,,,,,,21.95741692,,,,,20.62468079,,,,,19.46052948,,,,,17.58123416,,,,,17.98466974,16.57577639,,14.08855049,,
Myanmar,MMR,"PM2.5 air pollution, mean annual exposure (micrograms per cubic meter)",EN.ATM.PM25.MC.M3,,,,,,,,,,,,,,,,,,,,,,,,,,,,,,,14.46690012,,,,,14.19648742,,,,,15.23489114,,,,,19.79123513,,,,,25.19668924,26.35467396,,28.93354631,,
Middle East & North Africa (developing only),MNA,"PM2.5 air pollution, mean annual exposure (micrograms per cubic meter)",EN.ATM.PM25.MC.M3,,,,,,,,,,,,,,,,,,,,,,,,,,,,,,,28.0229074,,,,,28.30431394,,,,,28.69463897,,,,,28.71387409,,,,,29.05669679,29.07447822,,29.26395545,,
Montenegro,MNE,"PM2.5 air pollution, mean annual exposure (micrograms per cubic meter)",EN.ATM.PM25.MC.M3,,,,,,,,,,,,,,,,,,,,,,,,,,,,,,,20.29504738,,,,,17.21158365,,,,,15.11384997,,,,,15.69797402,,,,,14.37586026,14.34737177,,14.95262028,,
Mongolia,MNG,"PM2.5 air pollution, mean annual exposure (micrograms per cubic meter)",EN.ATM.PM25.MC.M3,,,,,,,,,,,,,,,,,,,,,,,,,,,,,,,11.13748533,,,,,10.16717245,,,,,9.660949077,,,,,9.653357013,,,,,9.883044249,9.304645885,,8.327719078,,
Northern Mariana Islands,MNP,"PM2.5 air pollution, mean annual exposure (micrograms per cubic meter)",EN.ATM.PM25.MC.M3,,,,,,,,,,,,,,,,,,,,,,,,,,,,,,,,,,,,,,,,,,,,,,,,,,,,,,,,
Mozambique,MOZ,"PM2.5 air pollution, mean annual exposure (micrograms per cubic meter)",EN.ATM.PM25.MC.M3,,,,,,,,,,,,,,,,,,,,,,,,,,,,,,,5.659278804,,,,,5.74174778,,,,,5.928468492,,,,,6.388231014,,,,,6.952476017,7.071064017,,7.330941978,,
Mauritania,MRT,"PM2.5 air pollution, mean annual exposure (micrograms per cubic meter)",EN.ATM.PM25.MC.M3,,,,,,,,,,,,,,,,,,,,,,,,,,,,,,,76.51062233,,,,,75.05653552,,,,,73.80616781,,,,,67.58431234,,,,,65.53252749,66.94668322,,70.13337515,,
Mauritius,MUS,"PM2.5 air pollution, mean annual exposure (micrograms per cubic meter)",EN.ATM.PM25.MC.M3,,,,,,,,,,,,,,,,,,,,,,,,,,,,,,,9.439888459,,,,,9.443114538,,,,,9.441554922,,,,,9.49782233,,,,,9.582075842,9.605743167,,9.653421968,,
Malawi,MWI,"PM2.5 air pollution, mean annual exposure (micrograms per cubic meter)",EN.ATM.PM25.MC.M3,,,,,,,,,,,,,,,,,,,,,,,,,,,,,,,7.196786692,,,,,7.068655321,,,,,7.138278346,,,,,7.959950247,,,,,8.577093873,8.746043938,,9.13436892,,
Malaysia,MYS,"PM2.5 air pollution, mean annual exposure (micrograms per cubic meter)",EN.ATM.PM25.MC.M3,,,,,,,,,,,,,,,,,,,,,,,,,,,,,,,18.48977398,,,,,14.87575088,,,,,12.11057234,,,,,12.59413113,,,,,12.45849759,12.90605003,,14.40485369,,
North America,NAC,"PM2.5 air pollution, mean annual exposure (micrograms per cubic meter)",EN.ATM.PM25.MC.M3,,,,,,,,,,,,,,,,,,,,,,,,,,,,,,,15.92499569,,,,,14.98842902,,,,,14.28720565,,,,,13.48039663,,,,,11.80163306,11.46117183,,10.88430403,,
Namibia,NAM,"PM2.5 air pollution, mean annual exposure (micrograms per cubic meter)",EN.ATM.PM25.MC.M3,,,,,,,,,,,,,,,,,,,,,,,,,,,,,,,9.712113406,,,,,9.276754472,,,,,9.196867381,,,,,7.896752695,,,,,8.024840895,8.110708262,,8.319451981,,
New Caledonia,NCL,"PM2.5 air pollution, mean annual exposure (micrograms per cubic meter)",EN.ATM.PM25.MC.M3,,,,,,,,,,,,,,,,,,,,,,,,,,,,,,,,,,,,,,,,,,,,,,,,,,,,,,,,
Niger,NER,"PM2.5 air pollution, mean annual exposure (micrograms per cubic meter)",EN.ATM.PM25.MC.M3,,,,,,,,,,,,,,,,,,,,,,,,,,,,,,,36.60218759,,,,,36.49436304,,,,,36.38533649,,,,,37.74595508,,,,,37.00512994,37.35134557,,38.11638495,,
Nigeria,NGA,"PM2.5 air pollution, mean annual exposure (micrograms per cubic meter)",EN.ATM.PM25.MC.M3,,,,,,,,,,,,,,,,,,,,,,,,,,,,,,,30.96977603,,,,,30.6948647,,,,,30.37445835,,,,,30.74218907,,,,,28.39327515,28.69930171,,29.51372611,,
Nicaragua,NIC,"PM2.5 air pollution, mean annual exposure (micrograms per cubic meter)",EN.ATM.PM25.MC.M3,,,,,,,,,,,,,,,,,,,,,,,,,,,,,,,6.927537853,,,,,7.027679704,,,,,7.13576266,,,,,7.516373127,,,,,7.254172064,7.116921427,,6.979227447,,
Netherlands,NLD,"PM2.5 air pollution, mean annual exposure (micrograms per cubic meter)",EN.ATM.PM25.MC.M3,,,,,,,,,,,,,,,,,,,,,,,,,,,,,,,28.14673417,,,,,23.43044548,,,,,19.84941991,,,,,18.60203237,,,,,17.33955073,17.15763594,,16.84065627,,
High income: nonOECD,NOC,"PM2.5 air pollution, mean annual exposure (micrograms per cubic meter)",EN.ATM.PM25.MC.M3,,,,,,,,,,,,,,,,,,,,,,,,,,,,,,,19.9925701,,,,,17.73404328,,,,,16.66235032,,,,,18.00446741,,,,,18.79334184,18.91571195,,19.24634406,,
Norway,NOR,"PM2.5 air pollution, mean annual exposure (micrograms per cubic meter)",EN.ATM.PM25.MC.M3,,,,,,,,,,,,,,,,,,,,,,,,,,,,,,,9.408616856,,,,,8.600409635,,,,,7.948199852,,,,,7.726845936,,,,,7.046318806,6.619306517,,6.035744949,,
Nepal,NPL,"PM2.5 air pollution, mean annual exposure (micrograms per cubic meter)",EN.ATM.PM25.MC.M3,,,,,,,,,,,,,,,,,,,,,,,,,,,,,,,29.67578979,,,,,31.3633165,,,,,33.31935922,,,,,36.99318924,,,,,41.48309978,42.91326156,,46.08631552,,
New Zealand,NZL,"PM2.5 air pollution, mean annual exposure (micrograms per cubic meter)",EN.ATM.PM25.MC.M3,,,,,,,,,,,,,,,,,,,,,,,,,,,,,,,8.486727607,,,,,8.511963349,,,,,8.521007523,,,,,8.527932079,,,,,8.624907809,8.6302818,,8.642984672,,
High income: OECD,OEC,"PM2.5 air pollution, mean annual exposure (micrograms per cubic meter)",EN.ATM.PM25.MC.M3,,,,,,,,,,,,,,,,,,,,,,,,,,,,,,,21.57030423,,,,,19.02391659,,,,,17.11356632,,,,,16.32645673,,,,,14.87132279,14.54613974,,14.01851392,,
OECD members,OED,"PM2.5 air pollution, mean annual exposure (micrograms per cubic meter)",EN.ATM.PM25.MC.M3,,,,,,,,,,,,,,,,,,,,,,,,,,,,,,,20.91772378,,,,,18.71436027,,,,,17.06582292,,,,,16.3221158,,,,,14.89079061,14.55285211,,14.0034485,,
Oman,OMN,"PM2.5 air pollution, mean annual exposure (micrograms per cubic meter)",EN.ATM.PM25.MC.M3,,,,,,,,,,,,,,,,,,,,,,,,,,,,,,,27.25460634,,,,,27.20445781,,,,,27.31283317,,,,,27.96225761,,,,,30.18933869,30.23579594,,30.3532972,,
Other small states,OSS,"PM2.5 air pollution, mean annual exposure (micrograms per cubic meter)",EN.ATM.PM25.MC.M3,,,,,,,,,,,,,,,,,,,,,,,,,,,,,,,15.2055534,,,,,15.04774993,,,,,15.14348181,,,,,15.00254727,,,,,15.20081729,15.40603637,,16.08852744,,
Pakistan,PAK,"PM2.5 air pollution, mean annual exposure (micrograms per cubic meter)",EN.ATM.PM25.MC.M3,,,,,,,,,,,,,,,,,,,,,,,,,,,,,,,36.54889016,,,,,38.04164661,,,,,39.72533765,,,,,41.73542551,,,,,43.32050551,44.23130285,,46.17766713,,
Panama,PAN,"PM2.5 air pollution, mean annual exposure (micrograms per cubic meter)",EN.ATM.PM25.MC.M3,,,,,,,,,,,,,,,,,,,,,,,,,,,,,,,6.17666017,,,,,6.237379238,,,,,6.441987267,,,,,6.014458,,,,,5.939732146,6.190245653,,6.812154248,,
Peru,PER,"PM2.5 air pollution, mean annual exposure (micrograms per cubic meter)",EN.ATM.PM25.MC.M3,,,,,,,,,,,,,,,,,,,,,,,,,,,,,,,7.837154259,,,,,8.207000529,,,,,8.916964039,,,,,10.59392505,,,,,11.31483533,11.75431203,,12.89677582,,
Philippines,PHL,"PM2.5 air pollution, mean annual exposure (micrograms per cubic meter)",EN.ATM.PM25.MC.M3,,,,,,,,,,,,,,,,,,,,,,,,,,,,,,,9.092561977,,,,,9.252034192,,,,,9.304444907,,,,,9.486597695,,,,,8.919091527,8.731317364,,8.602251729,,
Palau,PLW,"PM2.5 air pollution, mean annual exposure (micrograms per cubic meter)",EN.ATM.PM25.MC.M3,,,,,,,,,,,,,,,,,,,,,,,,,,,,,,,,,,,,,,,,,,,,,,,,,,,,,,,,
Papua New Guinea,PNG,"PM2.5 air pollution, mean annual exposure (micrograms per cubic meter)",EN.ATM.PM25.MC.M3,,,,,,,,,,,,,,,,,,,,,,,,,,,,,,,6.559609357,,,,,5.746262787,,,,,5.22074945,,,,,5.124417607,,,,,5.373875129,5.451576832,,5.89751533,,
Poland,POL,"PM2.5 air pollution, mean annual exposure (micrograms per cubic meter)",EN.ATM.PM25.MC.M3,,,,,,,,,,,,,,,,,,,,,,,,,,,,,,,30.93408411,,,,,23.78257701,,,,,19.05197869,,,,,19.00082569,,,,,18.16233682,17.6993884,,16.98188988,,
Puerto Rico,PRI,"PM2.5 air pollution, mean annual exposure (micrograms per cubic meter)",EN.ATM.PM25.MC.M3,,,,,,,,,,,,,,,,,,,,,,,,,,,,,,,,,,,,,,,,,,,,,,,,,,,,,,,,
"Korea, Dem. Rep.",PRK,"PM2.5 air pollution, mean annual exposure (micrograms per cubic meter)",EN.ATM.PM25.MC.M3,,,,,,,,,,,,,,,,,,,,,,,,,,,,,,,26.15310781,,,,,23.94773373,,,,,22.4652061,,,,,23.47395181,,,,,23.23364112,23.48393504,,24.33213354,,
Portugal,PRT,"PM2.5 air pollution, mean annual exposure (micrograms per cubic meter)",EN.ATM.PM25.MC.M3,,,,,,,,,,,,,,,,,,,,,,,,,,,,,,,14.79325178,,,,,14.68293764,,,,,14.30051572,,,,,13.1355603,,,,,10.55147333,10.32400932,,9.895741077,,
Paraguay,PRY,"PM2.5 air pollution, mean annual exposure (micrograms per cubic meter)",EN.ATM.PM25.MC.M3,,,,,,,,,,,,,,,,,,,,,,,,,,,,,,,8.609628445,,,,,8.459465795,,,,,8.828745825,,,,,10.5021618,,,,,12.37211607,12.9183219,,14.12626143,,
Pacific island small states,PSS,"PM2.5 air pollution, mean annual exposure (micrograms per cubic meter)",EN.ATM.PM25.MC.M3,,,,,,,,,,,,,,,,,,,,,,,,,,,,,,,6.553064336,,,,,6.429846442,,,,,6.390053471,,,,,6.518047664,,,,,6.640480084,6.585547495,,6.565014473,,
French Polynesia,PYF,"PM2.5 air pollution, mean annual exposure (micrograms per cubic meter)",EN.ATM.PM25.MC.M3,,,,,,,,,,,,,,,,,,,,,,,,,,,,,,,,,,,,,,,,,,,,,,,,,,,,,,,,
Qatar,QAT,"PM2.5 air pollution, mean annual exposure (micrograms per cubic meter)",EN.ATM.PM25.MC.M3,,,,,,,,,,,,,,,,,,,,,,,,,,,,,,,34.45941621,,,,,34.39862775,,,,,34.53307254,,,,,37.21988287,,,,,40.15895291,39.40434294,,38.3591592,,
Romania,ROU,"PM2.5 air pollution, mean annual exposure (micrograms per cubic meter)",EN.ATM.PM25.MC.M3,,,,,,,,,,,,,,,,,,,,,,,,,,,,,,,31.15394339,,,,,24.74994265,,,,,20.58079172,,,,,19.67781742,,,,,18.05741575,17.60610585,,16.81591156,,
Russian Federation,RUS,"PM2.5 air pollution, mean annual exposure (micrograms per cubic meter)",EN.ATM.PM25.MC.M3,,,,,,,,,,,,,,,,,,,,,,,,,,,,,,,19.66219212,,,,,16.07927211,,,,,14.03524777,,,,,15.18891729,,,,,14.29708064,14.23224048,,14.22747569,,
Rwanda,RWA,"PM2.5 air pollution, mean annual exposure (micrograms per cubic meter)",EN.ATM.PM25.MC.M3,,,,,,,,,,,,,,,,,,,,,,,,,,,,,,,17.3198402,,,,,17.29719065,,,,,17.24517132,,,,,16.1002851,,,,,15.78823374,16.14083349,,17.0192953,,
South Asia,SAS,"PM2.5 air pollution, mean annual exposure (micrograms per cubic meter)",EN.ATM.PM25.MC.M3,,,,,,,,,,,,,,,,,,,,,,,,,,,,,,,30.41506643,,,,,31.97304925,,,,,33.86644041,,,,,38.50859757,,,,,42.82963426,43.82422032,,45.95724149,,
Saudi Arabia,SAU,"PM2.5 air pollution, mean annual exposure (micrograms per cubic meter)",EN.ATM.PM25.MC.M3,,,,,,,,,,,,,,,,,,,,,,,,,,,,,,,49.70500453,,,,,49.526507,,,,,49.50097287,,,,,51.19702953,,,,,53.87109872,53.93345598,,54.11509994,,
Sudan,SDN,"PM2.5 air pollution, mean annual exposure (micrograms per cubic meter)",EN.ATM.PM25.MC.M3,,,,,,,,,,,,,,,,,,,,,,,,,,,,,,,24.43346844,,,,,24.36248524,,,,,24.34175503,,,,,25.51299427,,,,,25.14148263,25.59003727,,26.59335318,,
Senegal,SEN,"PM2.5 air pollution, mean annual exposure (micrograms per cubic meter)",EN.ATM.PM25.MC.M3,,,,,,,,,,,,,,,,,,,,,,,,,,,,,,,40.92272129,,,,,41.00974848,,,,,41.05729705,,,,,40.07380337,,,,,38.88255841,39.60956782,,41.208003,,
Singapore,SGP,"PM2.5 air pollution, mean annual exposure (micrograms per cubic meter)",EN.ATM.PM25.MC.M3,,,,,,,,,,,,,,,,,,,,,,,,,,,,,,,49.80407662,,,,,29.29638254,,,,,13.65384231,,,,,10.20219236,,,,,12.48821643,13.74866381,,16.68142654,,
Solomon Islands,SLB,"PM2.5 air pollution, mean annual exposure (micrograms per cubic meter)",EN.ATM.PM25.MC.M3,,,,,,,,,,,,,,,,,,,,,,,,,,,,,,,4.119829339,,,,,4.073946934,,,,,4.070158077,,,,,4.52487435,,,,,4.639826749,4.570119902,,4.541672285,,
Sierra Leone,SLE,"PM2.5 air pollution, mean annual exposure (micrograms per cubic meter)",EN.ATM.PM25.MC.M3,,,,,,,,,,,,,,,,,,,,,,,,,,,,,,,23.68841216,,,,,23.73322993,,,,,23.77852865,,,,,22.37170621,,,,,19.95421813,21.08392781,,23.91728046,,
El Salvador,SLV,"PM2.5 air pollution, mean annual exposure (micrograms per cubic meter)",EN.ATM.PM25.MC.M3,,,,,,,,,,,,,,,,,,,,,,,,,,,,,,,10.72951511,,,,,11.52309458,,,,,12.12503768,,,,,13.46696976,,,,,12.49971237,12.59264075,,12.91867351,,
San Marino,SMR,"PM2.5 air pollution, mean annual exposure (micrograms per cubic meter)",EN.ATM.PM25.MC.M3,,,,,,,,,,,,,,,,,,,,,,,,,,,,,,,,,,,,,,,,,,,,,,,,,,,,,,,,
Somalia,SOM,"PM2.5 air pollution, mean annual exposure (micrograms per cubic meter)",EN.ATM.PM25.MC.M3,,,,,,,,,,,,,,,,,,,,,,,,,,,,,,,10.27214519,,,,,9.814613822,,,,,9.412333737,,,,,8.592832727,,,,,9.044144521,9.447520549,,10.38574133,,
Serbia,SRB,"PM2.5 air pollution, mean annual exposure (micrograms per cubic meter)",EN.ATM.PM25.MC.M3,,,,,,,,,,,,,,,,,,,,,,,,,,,,,,,26.46480284,,,,,22.04619683,,,,,19.24767984,,,,,19.2477096,,,,,17.63436495,16.9360882,,15.78184269,,
Sub-Saharan Africa (developing only),SSA,"PM2.5 air pollution, mean annual exposure (micrograms per cubic meter)",EN.ATM.PM25.MC.M3,,,,,,,,,,,,,,,,,,,,,,,,,,,,,,,19.51895699,,,,,19.47806369,,,,,19.43919031,,,,,19.91889462,,,,,19.34087771,19.6769031,,20.54885242,,
South Sudan,SSD,"PM2.5 air pollution, mean annual exposure (micrograms per cubic meter)",EN.ATM.PM25.MC.M3,,,,,,,,,,,,,,,,,,,,,,,,,,,,,,,14.95587284,,,,,14.93779843,,,,,14.92176818,,,,,15.61508054,,,,,15.34995005,15.64053896,,16.33092121,,
Sub-Saharan Africa (all income levels),SSF,"PM2.5 air pollution, mean annual exposure (micrograms per cubic meter)",EN.ATM.PM25.MC.M3,,,,,,,,,,,,,,,,,,,,,,,,,,,,,,,19.51066677,,,,,19.46963839,,,,,19.43057867,,,,,19.9105096,,,,,19.33181985,19.6676842,,20.53970717,,
Small states,SST,"PM2.5 air pollution, mean annual exposure (micrograms per cubic meter)",EN.ATM.PM25.MC.M3,,,,,,,,,,,,,,,,,,,,,,,,,,,,,,,13.22782847,,,,,13.176025,,,,,13.29228118,,,,,13.22305686,,,,,13.45175269,13.59147988,,14.12098351,,
Sao Tome and Principe,STP,"PM2.5 air pollution, mean annual exposure (micrograms per cubic meter)",EN.ATM.PM25.MC.M3,,,,,,,,,,,,,,,,,,,,,,,,,,,,,,,8.488872579,,,,,8.275236001,,,,,8.215350333,,,,,8.808569162,,,,,7.54876949,7.263395944,,6.772121627,,
Suriname,SUR,"PM2.5 air pollution, mean annual exposure (micrograms per cubic meter)",EN.ATM.PM25.MC.M3,,,,,,,,,,,,,,,,,,,,,,,,,,,,,,,8.734089499,,,,,8.718284313,,,,,8.751306604,,,,,9.354417804,,,,,9.134485382,9.824491183,,11.482118,,
Slovak Republic,SVK,"PM2.5 air pollution, mean annual exposure (micrograms per cubic meter)",EN.ATM.PM25.MC.M3,,,,,,,,,,,,,,,,,,,,,,,,,,,,,,,31.37969547,,,,,23.87900355,,,,,18.8402983,,,,,17.74323242,,,,,16.31245132,16.10769876,,15.93878062,,
Slovenia,SVN,"PM2.5 air pollution, mean annual exposure (micrograms per cubic meter)",EN.ATM.PM25.MC.M3,,,,,,,,,,,,,,,,,,,,,,,,,,,,,,,25.45328424,,,,,21.07149819,,,,,17.95731466,,,,,17.44367289,,,,,15.88608291,14.99605738,,13.61826572,,
Sweden,SWE,"PM2.5 air pollution, mean annual exposure (micrograms per cubic meter)",EN.ATM.PM25.MC.M3,,,,,,,,,,,,,,,,,,,,,,,,,,,,,,,11.65887269,,,,,9.918673413,,,,,8.679105396,,,,,8.777286802,,,,,7.948794647,7.706750772,,7.315244647,,
Swaziland,SWZ,"PM2.5 air pollution, mean annual exposure (micrograms per cubic meter)",EN.ATM.PM25.MC.M3,,,,,,,,,,,,,,,,,,,,,,,,,,,,,,,9.191241393,,,,,9.390738528,,,,,9.590984782,,,,,10.14465145,,,,,10.30152466,10.31621082,,10.37664283,,
Sint Maarten (Dutch part),SXM,"PM2.5 air pollution, mean annual exposure (micrograms per cubic meter)",EN.ATM.PM25.MC.M3,,,,,,,,,,,,,,,,,,,,,,,,,,,,,,,,,,,,,,,,,,,,,,,,,,,,,,,,
Seychelles,SYC,"PM2.5 air pollution, mean annual exposure (micrograms per cubic meter)",EN.ATM.PM25.MC.M3,,,,,,,,,,,,,,,,,,,,,,,,,,,,,,,6.420712286,,,,,6.420712286,,,,,6.431345255,,,,,6.463228362,,,,,6.473850816,6.484470656,,6.505762585,,
Syrian Arab Republic,SYR,"PM2.5 air pollution, mean annual exposure (micrograms per cubic meter)",EN.ATM.PM25.MC.M3,,,,,,,,,,,,,,,,,,,,,,,,,,,,,,,24.71799565,,,,,24.16590564,,,,,24.43653395,,,,,23.61633603,,,,,25.17941111,24.58037848,,23.54179118,,
Turks and Caicos Islands,TCA,"PM2.5 air pollution, mean annual exposure (micrograms per cubic meter)",EN.ATM.PM25.MC.M3,,,,,,,,,,,,,,,,,,,,,,,,,,,,,,,,,,,,,,,,,,,,,,,,,,,,,,,,
Chad,TCD,"PM2.5 air pollution, mean annual exposure (micrograms per cubic meter)",EN.ATM.PM25.MC.M3,,,,,,,,,,,,,,,,,,,,,,,,,,,,,,,30.06369592,,,,,29.9003448,,,,,29.76499629,,,,,31.70903502,,,,,29.75109928,30.0314983,,30.70660689,,
Togo,TGO,"PM2.5 air pollution, mean annual exposure (micrograms per cubic meter)",EN.ATM.PM25.MC.M3,,,,,,,,,,,,,,,,,,,,,,,,,,,,,,,25.3868038,,,,,25.25587507,,,,,25.10945737,,,,,24.61694372,,,,,23.68866091,24.19618174,,25.39838398,,
Thailand,THA,"PM2.5 air pollution, mean annual exposure (micrograms per cubic meter)",EN.ATM.PM25.MC.M3,,,,,,,,,,,,,,,,,,,,,,,,,,,,,,,17.23849143,,,,,16.88133544,,,,,16.93767288,,,,,19.01340138,,,,,20.37346519,20.97546419,,22.36005827,,
Tajikistan,TJK,"PM2.5 air pollution, mean annual exposure (micrograms per cubic meter)",EN.ATM.PM25.MC.M3,,,,,,,,,,,,,,,,,,,,,,,,,,,,,,,20.84663533,,,,,18.19671882,,,,,17.09585043,,,,,17.53257631,,,,,19.71440367,19.62965272,,19.61576775,,
Turkmenistan,TKM,"PM2.5 air pollution, mean annual exposure (micrograms per cubic meter)",EN.ATM.PM25.MC.M3,,,,,,,,,,,,,,,,,,,,,,,,,,,,,,,44.23995785,,,,,43.11158735,,,,,42.70211789,,,,,40.63688785,,,,,41.78334406,41.72464619,,41.68165787,,
Timor-Leste,TLS,"PM2.5 air pollution, mean annual exposure (micrograms per cubic meter)",EN.ATM.PM25.MC.M3,,,,,,,,,,,,,,,,,,,,,,,,,,,,,,,7.045266426,,,,,6.819893716,,,,,6.661614467,,,,,6.212973725,,,,,6.247264991,6.227240067,,6.207256068,,
Tonga,TON,"PM2.5 air pollution, mean annual exposure (micrograms per cubic meter)",EN.ATM.PM25.MC.M3,,,,,,,,,,,,,,,,,,,,,,,,,,,,,,,7.452150532,,,,,7.427880099,,,,,7.412848895,,,,,7.395500336,,,,,7.442906118,7.434815751,,7.418660918,,
Trinidad and Tobago,TTO,"PM2.5 air pollution, mean annual exposure (micrograms per cubic meter)",EN.ATM.PM25.MC.M3,,,,,,,,,,,,,,,,,,,,,,,,,,,,,,,8.879105215,,,,,8.846598654,,,,,8.869533861,,,,,8.809138179,,,,,9.926791395,9.603194809,,9.167360672,,
Tunisia,TUN,"PM2.5 air pollution, mean annual exposure (micrograms per cubic meter)",EN.ATM.PM25.MC.M3,,,,,,,,,,,,,,,,,,,,,,,,,,,,,,,19.95950368,,,,,19.5137649,,,,,19.04180855,,,,,17.61484873,,,,,17.54242925,17.11419985,,16.34502095,,
Turkey,TUR,"PM2.5 air pollution, mean annual exposure (micrograms per cubic meter)",EN.ATM.PM25.MC.M3,,,,,,,,,,,,,,,,,,,,,,,,,,,,,,,19.87701667,,,,,18.12438679,,,,,17.36270464,,,,,17.80968846,,,,,18.20470717,17.80346329,,17.21256565,,
Tuvalu,TUV,"PM2.5 air pollution, mean annual exposure (micrograms per cubic meter)",EN.ATM.PM25.MC.M3,,,,,,,,,,,,,,,,,,,,,,,,,,,,,,,,,,,,,,,,,,,,,,,,,,,,,,,,
Tanzania,TZA,"PM2.5 air pollution, mean annual exposure (micrograms per cubic meter)",EN.ATM.PM25.MC.M3,,,,,,,,,,,,,,,,,,,,,,,,,,,,,,,7.352035019,,,,,7.368839518,,,,,7.381462068,,,,,7.973972472,,,,,8.279192443,8.545360675,,9.164445592,,
Uganda,UGA,"PM2.5 air pollution, mean annual exposure (micrograms per cubic meter)",EN.ATM.PM25.MC.M3,,,,,,,,,,,,,,,,,,,,,,,,,,,,,,,15.09351248,,,,,14.94481532,,,,,14.89365322,,,,,15.45474279,,,,,15.68630475,16.26463143,,17.63208403,,
Ukraine,UKR,"PM2.5 air pollution, mean annual exposure (micrograms per cubic meter)",EN.ATM.PM25.MC.M3,,,,,,,,,,,,,,,,,,,,,,,,,,,,,,,29.23753356,,,,,21.83879143,,,,,17.21305383,,,,,17.02964423,,,,,15.94152221,15.61795718,,15.08687535,,
Upper middle income,UMC,"PM2.5 air pollution, mean annual exposure (micrograms per cubic meter)",EN.ATM.PM25.MC.M3,,,,,,,,,,,,,,,,,,,,,,,,,,,,,,,30.4675164,,,,,31.6414755,,,,,32.7462207,,,,,36.883005,,,,,38.78296046,38.71889249,,38.91561506,,
Uruguay,URY,"PM2.5 air pollution, mean annual exposure (micrograms per cubic meter)",EN.ATM.PM25.MC.M3,,,,,,,,,,,,,,,,,,,,,,,,,,,,,,,6.064119144,,,,,6.167447758,,,,,6.160525801,,,,,6.251199533,,,,,6.576957207,6.603033321,,6.684579988,,
United States,USA,"PM2.5 air pollution, mean annual exposure (micrograms per cubic meter)",EN.ATM.PM25.MC.M3,,,,,,,,,,,,,,,,,,,,,,,,,,,,,,,16.41968223,,,,,15.45294851,,,,,14.67882512,,,,,13.6693781,,,,,11.7942183,11.40950113,,10.74511152,,
Uzbekistan,UZB,"PM2.5 air pollution, mean annual exposure (micrograms per cubic meter)",EN.ATM.PM25.MC.M3,,,,,,,,,,,,,,,,,,,,,,,,,,,,,,,27.26544563,,,,,23.95780764,,,,,22.40882121,,,,,22.26120963,,,,,24.92269412,25.09686325,,25.53252846,,
St. Vincent and the Grenadines,VCT,"PM2.5 air pollution, mean annual exposure (micrograms per cubic meter)",EN.ATM.PM25.MC.M3,,,,,,,,,,,,,,,,,,,,,,,,,,,,,,,14.57097938,,,,,14.5709757,,,,,14.55464422,,,,,14.52350692,,,,,14.41514799,14.4427067,,14.4980437,,
"Venezuela, RB",VEN,"PM2.5 air pollution, mean annual exposure (micrograms per cubic meter)",EN.ATM.PM25.MC.M3,,,,,,,,,,,,,,,,,,,,,,,,,,,,,,,10.16017306,,,,,9.54592182,,,,,10.23961723,,,,,10.95288022,,,,,12.26143982,12.55576605,,13.42541047,,
Virgin Islands (U.S.),VIR,"PM2.5 air pollution, mean annual exposure (micrograms per cubic meter)",EN.ATM.PM25.MC.M3,,,,,,,,,,,,,,,,,,,,,,,,,,,,,,,,,,,,,,,,,,,,,,,,,,,,,,,,
Vietnam,VNM,"PM2.5 air pollution, mean annual exposure (micrograms per cubic meter)",EN.ATM.PM25.MC.M3,,,,,,,,,,,,,,,,,,,,,,,,,,,,,,,19.08754992,,,,,20.20220967,,,,,21.27395813,,,,,23.19786384,,,,,25.13689084,25.13200497,,25.47155274,,
Vanuatu,VUT,"PM2.5 air pollution, mean annual exposure (micrograms per cubic meter)",EN.ATM.PM25.MC.M3,,,,,,,,,,,,,,,,,,,,,,,,,,,,,,,8.039430361,,,,,7.994195454,,,,,7.961302074,,,,,7.737215826,,,,,7.423701441,7.399731629,,7.375210097,,
West Bank and Gaza,PSE,"PM2.5 air pollution, mean annual exposure (micrograms per cubic meter)",EN.ATM.PM25.MC.M3,,,,,,,,,,,,,,,,,,,,,,,,,,,,,,,26.63549737,,,,,26.46579025,,,,,26.56838706,,,,,26.55220003,,,,,26.39422184,26.36204637,,26.35600522,,
World,WLD,"PM2.5 air pollution, mean annual exposure (micrograms per cubic meter)",EN.ATM.PM25.MC.M3,,,,,,,,,,,,,,,,,,,,,,,,,,,,,,,26.33469372,,,,,26.29816921,,,,,26.62389032,,,,,29.17173322,,,,,30.57105079,30.81445269,,31.54011953,,
Samoa,WSM,"PM2.5 air pollution, mean annual exposure (micrograms per cubic meter)",EN.ATM.PM25.MC.M3,,,,,,,,,,,,,,,,,,,,,,,,,,,,,,,7.452150532,,,,,7.427880099,,,,,7.412848895,,,,,7.395500336,,,,,7.442906118,7.434815751,,7.418660918,,
"Yemen, Rep.",YEM,"PM2.5 air pollution, mean annual exposure (micrograms per cubic meter)",EN.ATM.PM25.MC.M3,,,,,,,,,,,,,,,,,,,,,,,,,,,,,,,32.49801085,,,,,32.60600685,,,,,32.86281523,,,,,31.59527054,,,,,33.30935412,34.21317144,,36.19237108,,
South Africa,ZAF,"PM2.5 air pollution, mean annual exposure (micrograms per cubic meter)",EN.ATM.PM25.MC.M3,,,,,,,,,,,,,,,,,,,,,,,,,,,,,,,11.68186959,,,,,12.2547998,,,,,12.80819244,,,,,13.44488577,,,,,14.30793873,14.30947194,,14.32667866,,
"Congo, Dem. Rep.",COD,"PM2.5 air pollution, mean annual exposure (micrograms per cubic meter)",EN.ATM.PM25.MC.M3,,,,,,,,,,,,,,,,,,,,,,,,,,,,,,,17.0295264,,,,,16.89009138,,,,,16.83341385,,,,,16.54735107,,,,,16.18999061,16.699297,,18.08251215,,
Zambia,ZMB,"PM2.5 air pollution, mean annual exposure (micrograms per cubic meter)",EN.ATM.PM25.MC.M3,,,,,,,,,,,,,,,,,,,,,,,,,,,,,,,9.380077275,,,,,8.951831244,,,,,8.979365857,,,,,9.516108161,,,,,10.79279785,11.10104817,,11.77825506,,
Zimbabwe,ZWE,"PM2.5 air pollution, mean annual exposure (micrograms per cubic meter)",EN.ATM.PM25.MC.M3,,,,,,,,,,,,,,,,,,,,,,,,,,,,,,,7.363550236,,,,,7.143682199,,,,,7.239865688,,,,,7.641466901,,,,,8.435705333,8.640895384,,9.074283884,,